time_s,event,waypoint_index
0,takeoff_start,0
26.6666666666667,takeoff_complete,0
344.990009734873,waypoint_arrival,1
344.990009734873,common_target_arrival,1
352.164852785142,waypoint_arrival,2
359.164852785146,waypoint_arrival,3
369.047526192689,waypoint_arrival,4
378.463410234883,waypoint_arrival,5
389.755327009119,waypoint_arrival,6
400.75532700913,waypoint_arrival,7
415.154245012793,waypoint_arrival,8
428.640948720951,waypoint_arrival,9
444.747645432032,waypoint_arrival,10
459.998750184145,waypoint_arrival,11
479.511797602578,waypoint_arrival,12
496.54086699871,waypoint_arrival,13
516.960880193333,waypoint_arrival,14
536.830245890067,waypoint_arrival,15
560.228770741718,waypoint_arrival,16
582.772651559388,waypoint_arrival,17
606.570561442299,waypoint_arrival,18
631.389452238085,waypoint_arrival,19
636.389452238085,return_start,19
976.867057803006,home_arrival,20
981.867057803006,landing_start,20
1008.53372446967,landing_complete,20
