waypoint_index,latitude_deg,longitude_deg,east_m,north_m,terrain_msl_m
1,22.405429834696,114.331054027091,931.831266041231,381.809198354209,159.415253630699
2,22.4056858484004,114.332881991512,1119.96350629337,410.308643927577,202.318024519053
3,22.405921148375,114.33471400504,1308.51247668514,436.502237108516,219.361951214262
4,22.4061160595632,114.336553913747,1497.87401076687,458.199750571957,215.688689269912
5,22.4062529321704,114.338405167804,1688.40319675249,473.436409203859,245.866813675869
6,22.406317026699,114.34027064848,1880.39657191378,480.571412129613,272.330845258427
7,22.4062972530482,114.342152523662,2074.07725296334,478.370209321286,306.542767676706
8,22.4062488448752,114.344039996304,2268.33401898497,472.981411509,301.35897338995
9,22.4066930364731,114.345831175813,2452.68039348972,522.428820190275,267.284056571508
10,22.4070464752915,114.347640095625,2638.85258203253,561.773629449643,266.725933599131
11,22.4073160459304,114.349465409943,2826.7120764636,591.782232974931,271.436906254769
12,22.4075128384908,114.35130495088,3016.03576007034,613.689180794071,281.939594528297
13,22.4076515924702,114.353155837167,3206.52709558097,629.135273781672,248.147526437605
14,22.4077499576631,114.355014618633,3397.83099478156,640.085287051775,139.300626225658
15,22.4078276091262,114.356877449206,3589.55162412179,648.729447929449,177.43747793511
