sample_index,sample_time_s,latitude_deg,longitude_deg,east_m,north_m
1,0,22.405429834696,114.331054027091,931.831266041231,381.809198354209
2,190.278633115433,22.4056858484004,114.332881991512,1119.96350629337,410.308643927577
3,380.638341456053,22.405921148375,114.33471400504,1308.51247668514,436.502237108516
4,571.238899378325,22.4061160595632,114.336553913747,1497.87401076687,458.199750571957
5,762.376353789037,22.4062529321704,114.338405167804,1688.40319675249,473.436409203859
6,954.502261392814,22.406317026699,114.34027064848,1880.39657191378,480.571412129613
7,1148.19545049771,22.4062972530482,114.342152523662,2074.07725296334,478.370209321286
8,1342.52694636764,22.4062488448752,114.344039996304,2268.33401898497,472.981411509
9,1533.38980817774,22.4066930364731,114.345831175813,2452.68039348972,522.428820190275
10,1723.67406344462,22.4070464752915,114.347640095625,2638.85258203253,561.773629449643
11,1913.91524177738,22.4073160459304,114.349465409943,2826.7120764636,591.782232974931
12,2104.50215511923,22.4075128384908,114.35130495088,3016.03576007034,613.689180794071
13,2295.61869206255,22.4076515924702,114.353155837167,3206.52709558097,629.135273781672
14,2487.23571802832,22.4077499576631,114.355014618633,3397.83099478156,640.085287051775
15,2679.15111926514,22.4078276091262,114.356877449206,3589.55162412179,648.729447929449
